<PAMDataset>
  <Metadata />
  <Metadata domain="Esri">
    <MDI key="PyramidResamplingType">NEAREST</MDI>
  </Metadata>
  <PAMRasterBand band="1">
    <Metadata>
      <MDI key="STATISTICS_COVARIANCES">7.09017141949058E-03</MDI>
      <MDI key="STATISTICS_MAXIMUM">0.8653855919838</MDI>
      <MDI key="STATISTICS_MEAN">0.014907705268155</MDI>
      <MDI key="STATISTICS_MINIMUM">-0.11755587160587</MDI>
      <MDI key="STATISTICS_SKIPFACTORX">1</MDI>
      <MDI key="STATISTICS_SKIPFACTORY">1</MDI>
      <MDI key="STATISTICS_STDDEV">0.084203155638554</MDI>
    </Metadata>
  </PAMRasterBand>
</PAMDataset>
