<PAMDataset>
  <Metadata />
  <Metadata domain="Esri">
    <MDI key="PyramidResamplingType">NEAREST</MDI>
  </Metadata>
  <PAMRasterBand band="1">
    <Metadata>
      <MDI key="STATISTICS_COVARIANCES">0.114575039405109</MDI>
      <MDI key="STATISTICS_MAXIMUM">0.87043029069901</MDI>
      <MDI key="STATISTICS_MEAN">0.37641314863105</MDI>
      <MDI key="STATISTICS_MINIMUM">-0.093325860798359</MDI>
      <MDI key="STATISTICS_SKIPFACTORX">1</MDI>
      <MDI key="STATISTICS_SKIPFACTORY">1</MDI>
      <MDI key="STATISTICS_STDDEV">0.33848934902757</MDI>
    </Metadata>
  </PAMRasterBand>
</PAMDataset>
