<PAMDataset>
  <Metadata />
  <Metadata domain="Esri">
    <MDI key="PyramidResamplingType">NEAREST</MDI>
  </Metadata>
  <PAMRasterBand band="1">
    <Metadata>
      <MDI key="STATISTICS_COVARIANCES">1.12160708125038E-02</MDI>
      <MDI key="STATISTICS_MAXIMUM">0.88276606798172</MDI>
      <MDI key="STATISTICS_MEAN">0.025918254759286</MDI>
      <MDI key="STATISTICS_MINIMUM">-0.070846229791641</MDI>
      <MDI key="STATISTICS_SKIPFACTORX">1</MDI>
      <MDI key="STATISTICS_SKIPFACTORY">1</MDI>
      <MDI key="STATISTICS_STDDEV">0.10590595267738</MDI>
    </Metadata>
  </PAMRasterBand>
</PAMDataset>
