<PAMDataset>
  <Metadata />
  <Metadata domain="Esri">
    <MDI key="PyramidResamplingType">NEAREST</MDI>
  </Metadata>
  <PAMRasterBand band="1">
    <Metadata>
      <MDI key="STATISTICS_COVARIANCES">6.06387817857958E-02</MDI>
      <MDI key="STATISTICS_MAXIMUM">0.87279671430588</MDI>
      <MDI key="STATISTICS_MEAN">0.099039098835783</MDI>
      <MDI key="STATISTICS_MINIMUM">-0.0058765867725015</MDI>
      <MDI key="STATISTICS_SKIPFACTORX">1</MDI>
      <MDI key="STATISTICS_SKIPFACTORY">1</MDI>
      <MDI key="STATISTICS_STDDEV">0.24624943002126</MDI>
    </Metadata>
  </PAMRasterBand>
</PAMDataset>
