<PAMDataset>
  <PAMRasterBand band="1">
    <Metadata>
      <MDI key="STATISTICS_COVARIANCES">1.58189911410829E-02</MDI>
      <MDI key="STATISTICS_EXCLUDEDVALUES"></MDI>
      <MDI key="STATISTICS_MAXIMUM">0.86903244256973</MDI>
      <MDI key="STATISTICS_MEAN">0.029450845887003</MDI>
      <MDI key="STATISTICS_MINIMUM">-0.10908792167902</MDI>
      <MDI key="STATISTICS_SKIPFACTORX">1</MDI>
      <MDI key="STATISTICS_SKIPFACTORY">1</MDI>
      <MDI key="STATISTICS_STDDEV">0.12577357091648</MDI>
    </Metadata>
  </PAMRasterBand>
</PAMDataset>
