<PAMDataset>
  <PAMRasterBand band="1">
    <Metadata>
      <MDI key="STATISTICS_COVARIANCES">6.54814057206014E-03</MDI>
      <MDI key="STATISTICS_EXCLUDEDVALUES"></MDI>
      <MDI key="STATISTICS_MAXIMUM">0.87259817123413</MDI>
      <MDI key="STATISTICS_MEAN">0.010746964003159</MDI>
      <MDI key="STATISTICS_MINIMUM">-0.029965521767735</MDI>
      <MDI key="STATISTICS_SKIPFACTORX">1</MDI>
      <MDI key="STATISTICS_SKIPFACTORY">1</MDI>
      <MDI key="STATISTICS_STDDEV">0.080920581881621</MDI>
    </Metadata>
  </PAMRasterBand>
</PAMDataset>
