<?xml version="1.0" encoding="UTF-8"?>
<metadata xml:lang="en"><Esri><CreaDate>20161122</CreaDate><CreaTime>20110900</CreaTime><ArcGISFormat>1.0</ArcGISFormat><SyncOnce>FALSE</SyncOnce><DataProperties><itemProps><itemName Sync="TRUE">outputFile</itemName><imsContentType Sync="TRUE">002</imsContentType><itemSize Sync="TRUE">0.000</itemSize><itemLocation><linkage Sync="TRUE">file://\\DESKTOP-2CFDKMS\Users\User\Desktop\practicum\calcGreenspace\outputFile.shp</linkage><protocol Sync="TRUE">Local Area Network</protocol></itemLocation></itemProps><coordRef><type Sync="TRUE">Geographic</type><geogcsn Sync="TRUE">GCS_WGS_1984</geogcsn><csUnits Sync="TRUE">Angular Unit: Degree (0.017453)</csUnits><peXml Sync="TRUE">&lt;GeographicCoordinateSystem xsi:type='typens:GeographicCoordinateSystem' xmlns:xsi='http://www.w3.org/2001/XMLSchema-instance' xmlns:xs='http://www.w3.org/2001/XMLSchema' xmlns:typens='http://www.esri.com/schemas/ArcGIS/10.3'&gt;&lt;WKT&gt;GEOGCS[&amp;quot;GCS_WGS_1984&amp;quot;,DATUM[&amp;quot;D_WGS_1984&amp;quot;,SPHEROID[&amp;quot;WGS_1984&amp;quot;,6378137.0,298.257223563]],PRIMEM[&amp;quot;Greenwich&amp;quot;,0.0],UNIT[&amp;quot;Degree&amp;quot;,0.0174532925199433],AUTHORITY[&amp;quot;EPSG&amp;quot;,4326]]&lt;/WKT&gt;&lt;XOrigin&gt;-400&lt;/XOrigin&gt;&lt;YOrigin&gt;-400&lt;/YOrigin&gt;&lt;XYScale&gt;11258999068426.238&lt;/XYScale&gt;&lt;ZOrigin&gt;-100000&lt;/ZOrigin&gt;&lt;ZScale&gt;10000&lt;/ZScale&gt;&lt;MOrigin&gt;-100000&lt;/MOrigin&gt;&lt;MScale&gt;10000&lt;/MScale&gt;&lt;XYTolerance&gt;8.983152841195215e-009&lt;/XYTolerance&gt;&lt;ZTolerance&gt;0.001&lt;/ZTolerance&gt;&lt;MTolerance&gt;0.001&lt;/MTolerance&gt;&lt;HighPrecision&gt;true&lt;/HighPrecision&gt;&lt;LeftLongitude&gt;-180&lt;/LeftLongitude&gt;&lt;WKID&gt;4326&lt;/WKID&gt;&lt;LatestWKID&gt;4326&lt;/LatestWKID&gt;&lt;/GeographicCoordinateSystem&gt;</peXml></coordRef><lineage><Process ToolSource="c:\program files (x86)\arcgis\desktop10.3\ArcToolbox\Toolboxes\Data Management Tools.tbx\Merge" Date="20161122" Time="201109">Merge in_memory/\temp0vNDVIvcropvhayvgrasslandvforestvshrubvurbanvwetlands;in_memory/\temp1vNDVIvcropvhayvgrasslandvforestvshrubvurbanvwetlands;in_memory/\temp2vNDVIvcropvhayvgrasslandvforestvshrubvurbanvwetlands c:\Users\User\Desktop\practicum\calcGreenspace\outputFile.shp "latitude "latitude" true true false 19 Double 0 0 ,First,#,in_memory/\temp0vNDVIvcropvhayvgrasslandvforestvshrubvurbanvwetlands,latitude,-1,-1,in_memory/\temp1vNDVIvcropvhayvgrasslandvforestvshrubvurbanvwetlands,latitude,-1,-1,in_memory/\temp2vNDVIvcropvhayvgrasslandvforestvshrubvurbanvwetlands,latitude,-1,-1;longitude "longitude" true true false 19 Double 0 0 ,First,#,in_memory/\temp0vNDVIvcropvhayvgrasslandvforestvshrubvurbanvwetlands,longitude,-1,-1,in_memory/\temp1vNDVIvcropvhayvgrasslandvforestvshrubvurbanvwetlands,longitude,-1,-1,in_memory/\temp2vNDVIvcropvhayvgrasslandvforestvshrubvurbanvwetlands,longitude,-1,-1;months "months" true true false 254 Text 0 0 ,First,#,in_memory/\temp0vNDVIvcropvhayvgrasslandvforestvshrubvurbanvwetlands,months,-1,-1,in_memory/\temp1vNDVIvcropvhayvgrasslandvforestvshrubvurbanvwetlands,months,-1,-1,in_memory/\temp2vNDVIvcropvhayvgrasslandvforestvshrubvurbanvwetlands,months,-1,-1;NDVI "NDVI" true true false 0 Double 0 0 ,First,#,in_memory/\temp0vNDVIvcropvhayvgrasslandvforestvshrubvurbanvwetlands,NDVI,-1,-1,in_memory/\temp1vNDVIvcropvhayvgrasslandvforestvshrubvurbanvwetlands,NDVI,-1,-1,in_memory/\temp2vNDVIvcropvhayvgrasslandvforestvshrubvurbanvwetlands,NDVI,-1,-1;NDVIperc "NDVIperc" true true false 0 Double 0 0 ,First,#,in_memory/\temp0vNDVIvcropvhayvgrasslandvforestvshrubvurbanvwetlands,NDVIperc,-1,-1,in_memory/\temp1vNDVIvcropvhayvgrasslandvforestvshrubvurbanvwetlands,NDVIperc,-1,-1,in_memory/\temp2vNDVIvcropvhayvgrasslandvforestvshrubvurbanvwetlands,NDVIperc,-1,-1;crop "crop" true true false 0 Double 0 0 ,First,#,in_memory/\temp0vNDVIvcropvhayvgrasslandvforestvshrubvurbanvwetlands,crop,-1,-1,in_memory/\temp1vNDVIvcropvhayvgrasslandvforestvshrubvurbanvwetlands,crop,-1,-1,in_memory/\temp2vNDVIvcropvhayvgrasslandvforestvshrubvurbanvwetlands,crop,-1,-1;cropperc "cropperc" true true false 0 Double 0 0 ,First,#,in_memory/\temp0vNDVIvcropvhayvgrasslandvforestvshrubvurbanvwetlands,cropperc,-1,-1,in_memory/\temp1vNDVIvcropvhayvgrasslandvforestvshrubvurbanvwetlands,cropperc,-1,-1,in_memory/\temp2vNDVIvcropvhayvgrasslandvforestvshrubvurbanvwetlands,cropperc,-1,-1;hay "hay" true true false 0 Double 0 0 ,First,#,in_memory/\temp0vNDVIvcropvhayvgrasslandvforestvshrubvurbanvwetlands,hay,-1,-1,in_memory/\temp1vNDVIvcropvhayvgrasslandvforestvshrubvurbanvwetlands,hay,-1,-1,in_memory/\temp2vNDVIvcropvhayvgrasslandvforestvshrubvurbanvwetlands,hay,-1,-1;hayperc "hayperc" true true false 0 Double 0 0 ,First,#,in_memory/\temp0vNDVIvcropvhayvgrasslandvforestvshrubvurbanvwetlands,hayperc,-1,-1,in_memory/\temp1vNDVIvcropvhayvgrasslandvforestvshrubvurbanvwetlands,hayperc,-1,-1,in_memory/\temp2vNDVIvcropvhayvgrasslandvforestvshrubvurbanvwetlands,hayperc,-1,-1;grassland "grassland" true true false 0 Double 0 0 ,First,#,in_memory/\temp0vNDVIvcropvhayvgrasslandvforestvshrubvurbanvwetlands,grassland,-1,-1,in_memory/\temp1vNDVIvcropvhayvgrasslandvforestvshrubvurbanvwetlands,grassland,-1,-1,in_memory/\temp2vNDVIvcropvhayvgrasslandvforestvshrubvurbanvwetlands,grassland,-1,-1;grasslandp "grasslandp" true true false 0 Double 0 0 ,First,#,in_memory/\temp0vNDVIvcropvhayvgrasslandvforestvshrubvurbanvwetlands,grasslandperc,-1,-1,in_memory/\temp1vNDVIvcropvhayvgrasslandvforestvshrubvurbanvwetlands,grasslandperc,-1,-1,in_memory/\temp2vNDVIvcropvhayvgrasslandvforestvshrubvurbanvwetlands,grasslandperc,-1,-1;forest "forest" true true false 0 Double 0 0 ,First,#,in_memory/\temp0vNDVIvcropvhayvgrasslandvforestvshrubvurbanvwetlands,forest,-1,-1,in_memory/\temp1vNDVIvcropvhayvgrasslandvforestvshrubvurbanvwetlands,forest,-1,-1,in_memory/\temp2vNDVIvcropvhayvgrasslandvforestvshrubvurbanvwetlands,forest,-1,-1;forestperc "forestperc" true true false 0 Double 0 0 ,First,#,in_memory/\temp0vNDVIvcropvhayvgrasslandvforestvshrubvurbanvwetlands,forestperc,-1,-1,in_memory/\temp1vNDVIvcropvhayvgrasslandvforestvshrubvurbanvwetlands,forestperc,-1,-1,in_memory/\temp2vNDVIvcropvhayvgrasslandvforestvshrubvurbanvwetlands,forestperc,-1,-1;shrub "shrub" true true false 0 Double 0 0 ,First,#,in_memory/\temp0vNDVIvcropvhayvgrasslandvforestvshrubvurbanvwetlands,shrub,-1,-1,in_memory/\temp1vNDVIvcropvhayvgrasslandvforestvshrubvurbanvwetlands,shrub,-1,-1,in_memory/\temp2vNDVIvcropvhayvgrasslandvforestvshrubvurbanvwetlands,shrub,-1,-1;shrubperc "shrubperc" true true false 0 Double 0 0 ,First,#,in_memory/\temp0vNDVIvcropvhayvgrasslandvforestvshrubvurbanvwetlands,shrubperc,-1,-1,in_memory/\temp1vNDVIvcropvhayvgrasslandvforestvshrubvurbanvwetlands,shrubperc,-1,-1,in_memory/\temp2vNDVIvcropvhayvgrasslandvforestvshrubvurbanvwetlands,shrubperc,-1,-1;urban "urban" true true false 0 Double 0 0 ,First,#,in_memory/\temp0vNDVIvcropvhayvgrasslandvforestvshrubvurbanvwetlands,urban,-1,-1,in_memory/\temp1vNDVIvcropvhayvgrasslandvforestvshrubvurbanvwetlands,urban,-1,-1,in_memory/\temp2vNDVIvcropvhayvgrasslandvforestvshrubvurbanvwetlands,urban,-1,-1;urbanperc "urbanperc" true true false 0 Double 0 0 ,First,#,in_memory/\temp0vNDVIvcropvhayvgrasslandvforestvshrubvurbanvwetlands,urbanperc,-1,-1,in_memory/\temp1vNDVIvcropvhayvgrasslandvforestvshrubvurbanvwetlands,urbanperc,-1,-1,in_memory/\temp2vNDVIvcropvhayvgrasslandvforestvshrubvurbanvwetlands,urbanperc,-1,-1;RASTERVALU "RASTERVALU" true true false 0 Double 0 0 ,First,#,in_memory/\temp0vNDVIvcropvhayvgrasslandvforestvshrubvurbanvwetlands,RASTERVALU,-1,-1,in_memory/\temp1vNDVIvcropvhayvgrasslandvforestvshrubvurbanvwetlands,RASTERVALU,-1,-1,in_memory/\temp2vNDVIvcropvhayvgrasslandvforestvshrubvurbanvwetlands,RASTERVALU,-1,-1;wetlands "wetlands" true true false 0 Double 0 0 ,First,#,in_memory/\temp0vNDVIvcropvhayvgrasslandvforestvshrubvurbanvwetlands,wetlands,-1,-1,in_memory/\temp1vNDVIvcropvhayvgrasslandvforestvshrubvurbanvwetlands,wetlands,-1,-1,in_memory/\temp2vNDVIvcropvhayvgrasslandvforestvshrubvurbanvwetlands,wetlands,-1,-1;wetlandspe "wetlandspe" true true false 0 Double 0 0 ,First,#,in_memory/\temp0vNDVIvcropvhayvgrasslandvforestvshrubvurbanvwetlands,wetlandsperc,-1,-1,in_memory/\temp1vNDVIvcropvhayvgrasslandvforestvshrubvurbanvwetlands,wetlandsperc,-1,-1,in_memory/\temp2vNDVIvcropvhayvgrasslandvforestvshrubvurbanvwetlands,wetlandsperc,-1,-1"</Process></lineage></DataProperties><SyncDate>20161122</SyncDate><SyncTime>20110900</SyncTime><ModDate>20161122</ModDate><ModTime>20110900</ModTime></Esri><dataIdInfo><envirDesc Sync="TRUE"> Version 6.2 (Build 9200) ; Esri ArcGIS 10.3.0.4284</envirDesc><dataLang><languageCode value="eng" Sync="TRUE"></languageCode><countryCode value="USA" Sync="TRUE"></countryCode></dataLang><idCitation><resTitle Sync="TRUE">outputFile</resTitle><presForm><PresFormCd value="005" Sync="TRUE"></PresFormCd></presForm></idCitation><spatRpType><SpatRepTypCd value="001" Sync="TRUE"></SpatRepTypCd></spatRpType></dataIdInfo><mdLang><languageCode value="eng" Sync="TRUE"></languageCode><countryCode value="USA" Sync="TRUE"></countryCode></mdLang><mdChar><CharSetCd value="004" Sync="TRUE"></CharSetCd></mdChar><distInfo><distFormat><formatName Sync="TRUE">Shapefile</formatName></distFormat><distTranOps><transSize Sync="TRUE">0.000</transSize></distTranOps></distInfo><mdHrLv><ScopeCd value="005" Sync="TRUE"></ScopeCd></mdHrLv><mdHrLvName Sync="TRUE">dataset</mdHrLvName><refSysInfo><RefSystem><refSysID><identCode code="4326" Sync="TRUE"></identCode><idCodeSpace Sync="TRUE">EPSG</idCodeSpace><idVersion Sync="TRUE">8.2.6</idVersion></refSysID></RefSystem></refSysInfo><spatRepInfo><VectSpatRep><geometObjs Name="outputFile"><geoObjTyp><GeoObjTypCd value="004" Sync="TRUE"></GeoObjTypCd></geoObjTyp><geoObjCnt Sync="TRUE">0</geoObjCnt></geometObjs><topLvl><TopoLevCd value="001" Sync="TRUE"></TopoLevCd></topLvl></VectSpatRep></spatRepInfo><spdoinfo><ptvctinf><esriterm Name="outputFile"><efeatyp Sync="TRUE">Simple</efeatyp><efeageom code="1" Sync="TRUE"></efeageom><esritopo Sync="TRUE">FALSE</esritopo><efeacnt Sync="TRUE">0</efeacnt><spindex Sync="TRUE">FALSE</spindex><linrefer Sync="TRUE">FALSE</linrefer></esriterm></ptvctinf></spdoinfo><eainfo><detailed Name="outputFile"><enttyp><enttypl Sync="TRUE">outputFile</enttypl><enttypt Sync="TRUE">Feature Class</enttypt><enttypc Sync="TRUE">0</enttypc></enttyp><attr><attrlabl Sync="TRUE">FID</attrlabl><attalias Sync="TRUE">FID</attalias><attrtype Sync="TRUE">OID</attrtype><attwidth Sync="TRUE">4</attwidth><atprecis Sync="TRUE">0</atprecis><attscale Sync="TRUE">0</attscale><attrdef Sync="TRUE">Internal feature number.</attrdef><attrdefs Sync="TRUE">Esri</attrdefs><attrdomv><udom Sync="TRUE">Sequential unique whole numbers that are automatically generated.</udom></attrdomv></attr><attr><attrlabl Sync="TRUE">Shape</attrlabl><attalias Sync="TRUE">Shape</attalias><attrtype Sync="TRUE">Geometry</attrtype><attwidth Sync="TRUE">0</attwidth><atprecis Sync="TRUE">0</atprecis><attscale Sync="TRUE">0</attscale><attrdef Sync="TRUE">Feature geometry.</attrdef><attrdefs Sync="TRUE">Esri</attrdefs><attrdomv><udom Sync="TRUE">Coordinates defining the features.</udom></attrdomv></attr><attr><attrlabl Sync="TRUE">latitude</attrlabl><attalias Sync="TRUE">latitude</attalias><attrtype Sync="TRUE">Double</attrtype><attwidth Sync="TRUE">19</attwidth><atprecis Sync="TRUE">0</atprecis><attscale Sync="TRUE">0</attscale></attr><attr><attrlabl Sync="TRUE">longitude</attrlabl><attalias Sync="TRUE">longitude</attalias><attrtype Sync="TRUE">Double</attrtype><attwidth Sync="TRUE">19</attwidth><atprecis Sync="TRUE">0</atprecis><attscale Sync="TRUE">0</attscale></attr><attr><attrlabl Sync="TRUE">months</attrlabl><attalias Sync="TRUE">months</attalias><attrtype Sync="TRUE">String</attrtype><attwidth Sync="TRUE">254</attwidth><atprecis Sync="TRUE">0</atprecis><attscale Sync="TRUE">0</attscale></attr><attr><attrlabl Sync="TRUE">NDVI</attrlabl><attalias Sync="TRUE">NDVI</attalias><attrtype Sync="TRUE">Double</attrtype><attwidth Sync="TRUE">19</attwidth><atprecis Sync="TRUE">0</atprecis><attscale Sync="TRUE">0</attscale></attr><attr><attrlabl Sync="TRUE">NDVIperc</attrlabl><attalias Sync="TRUE">NDVIperc</attalias><attrtype Sync="TRUE">Double</attrtype><attwidth Sync="TRUE">19</attwidth><atprecis Sync="TRUE">0</atprecis><attscale Sync="TRUE">0</attscale></attr><attr><attrlabl Sync="TRUE">crop</attrlabl><attalias Sync="TRUE">crop</attalias><attrtype Sync="TRUE">Double</attrtype><attwidth Sync="TRUE">19</attwidth><atprecis Sync="TRUE">0</atprecis><attscale Sync="TRUE">0</attscale></attr><attr><attrlabl Sync="TRUE">cropperc</attrlabl><attalias Sync="TRUE">cropperc</attalias><attrtype Sync="TRUE">Double</attrtype><attwidth Sync="TRUE">19</attwidth><atprecis Sync="TRUE">0</atprecis><attscale Sync="TRUE">0</attscale></attr><attr><attrlabl Sync="TRUE">hay</attrlabl><attalias Sync="TRUE">hay</attalias><attrtype Sync="TRUE">Double</attrtype><attwidth Sync="TRUE">19</attwidth><atprecis Sync="TRUE">0</atprecis><attscale Sync="TRUE">0</attscale></attr><attr><attrlabl Sync="TRUE">hayperc</attrlabl><attalias Sync="TRUE">hayperc</attalias><attrtype Sync="TRUE">Double</attrtype><attwidth Sync="TRUE">19</attwidth><atprecis Sync="TRUE">0</atprecis><attscale Sync="TRUE">0</attscale></attr><attr><attrlabl Sync="TRUE">grassland</attrlabl><attalias Sync="TRUE">grassland</attalias><attrtype Sync="TRUE">Double</attrtype><attwidth Sync="TRUE">19</attwidth><atprecis Sync="TRUE">0</atprecis><attscale Sync="TRUE">0</attscale></attr><attr><attrlabl Sync="TRUE">grasslandp</attrlabl><attalias Sync="TRUE">grasslandp</attalias><attrtype Sync="TRUE">Double</attrtype><attwidth Sync="TRUE">19</attwidth><atprecis Sync="TRUE">0</atprecis><attscale Sync="TRUE">0</attscale></attr><attr><attrlabl Sync="TRUE">forest</attrlabl><attalias Sync="TRUE">forest</attalias><attrtype Sync="TRUE">Double</attrtype><attwidth Sync="TRUE">19</attwidth><atprecis Sync="TRUE">0</atprecis><attscale Sync="TRUE">0</attscale></attr><attr><attrlabl Sync="TRUE">forestperc</attrlabl><attalias Sync="TRUE">forestperc</attalias><attrtype Sync="TRUE">Double</attrtype><attwidth Sync="TRUE">19</attwidth><atprecis Sync="TRUE">0</atprecis><attscale Sync="TRUE">0</attscale></attr><attr><attrlabl Sync="TRUE">shrub</attrlabl><attalias Sync="TRUE">shrub</attalias><attrtype Sync="TRUE">Double</attrtype><attwidth Sync="TRUE">19</attwidth><atprecis Sync="TRUE">0</atprecis><attscale Sync="TRUE">0</attscale></attr><attr><attrlabl Sync="TRUE">shrubperc</attrlabl><attalias Sync="TRUE">shrubperc</attalias><attrtype Sync="TRUE">Double</attrtype><attwidth Sync="TRUE">19</attwidth><atprecis Sync="TRUE">0</atprecis><attscale Sync="TRUE">0</attscale></attr><attr><attrlabl Sync="TRUE">urban</attrlabl><attalias Sync="TRUE">urban</attalias><attrtype Sync="TRUE">Double</attrtype><attwidth Sync="TRUE">19</attwidth><atprecis Sync="TRUE">0</atprecis><attscale Sync="TRUE">0</attscale></attr><attr><attrlabl Sync="TRUE">urbanperc</attrlabl><attalias Sync="TRUE">urbanperc</attalias><attrtype Sync="TRUE">Double</attrtype><attwidth Sync="TRUE">19</attwidth><atprecis Sync="TRUE">0</atprecis><attscale Sync="TRUE">0</attscale></attr><attr><attrlabl Sync="TRUE">RASTERVALU</attrlabl><attalias Sync="TRUE">RASTERVALU</attalias><attrtype Sync="TRUE">Double</attrtype><attwidth Sync="TRUE">19</attwidth><atprecis Sync="TRUE">0</atprecis><attscale Sync="TRUE">0</attscale></attr><attr><attrlabl Sync="TRUE">wetlands</attrlabl><attalias Sync="TRUE">wetlands</attalias><attrtype Sync="TRUE">Double</attrtype><attwidth Sync="TRUE">19</attwidth><atprecis Sync="TRUE">0</atprecis><attscale Sync="TRUE">0</attscale></attr><attr><attrlabl Sync="TRUE">wetlandspe</attrlabl><attalias Sync="TRUE">wetlandspe</attalias><attrtype Sync="TRUE">Double</attrtype><attwidth Sync="TRUE">19</attwidth><atprecis Sync="TRUE">0</atprecis><attscale Sync="TRUE">0</attscale></attr></detailed></eainfo><mdDateSt Sync="TRUE">20161122</mdDateSt></metadata>
